query_id,num_docs,fidelity_tau,weighted_fidelity
9652,6,-0.3333333333333333,-0.33061224489795943
9653,8,0.7857142857142856,0.7722295225580376
9654,8,-0.14285714285714285,0.14517239221575623
9655,9,0.05555555555555555,-0.0910366110253892
9656,9,0.0,-0.08004278299901803
9657,9,0.5,0.26357132837705144
9658,6,0.2,0.2000000000000001
9659,9,-0.05555555555555555,0.24572170009819058
9660,5,0.7999999999999999,0.6715328467153284
9661,9,0.5,0.5520409594613551
9662,8,0.0,0.31487391277141596
9663,9,0.2777777777777778,0.17183335671202135
9664,9,0.5,0.7000631224575677
9665,8,-0.07142857142857142,-0.1146987047118453
9666,10,0.5555555555555555,0.7471887278146594
9667,9,-0.16666666666666666,-0.19022653948660395
9668,10,0.1111111111111111,0.03375031989040936
9669,8,0.42857142857142855,0.631562480445529
9670,7,-0.6190476190476191,-0.5970309152127335
9671,5,0.9999999999999999,1.0
9672,9,0.0,-0.15682423902370596
9673,10,0.37777777777777777,0.5786478796910989
9674,7,0.33333333333333337,0.47291092745638197
9675,8,0.21428571428571427,0.3682497966335022
9676,7,0.04761904761904762,-0.15488215488215493
9677,10,0.37777777777777777,0.661593581116681
9678,9,0.5555555555555556,0.7588020760274934
9679,8,0.21428571428571427,0.5264376447030849
9680,8,0.7857142857142856,0.8928727864338901
9681,7,0.14285714285714288,-0.07988980716253462
9682,9,0.611111111111111,0.6925760976294011
9683,9,0.0,-0.20458689858325166
9684,10,-0.022222222222222223,0.2047298619578799
9685,6,-0.3333333333333333,-0.4666666666666668
9686,9,-0.05555555555555555,-0.21721139009678753
9687,9,0.16666666666666666,-0.05495160611586471
9688,9,0.3888888888888889,0.3108605695048394
9689,9,0.2777777777777778,0.22113900967877692
9690,5,0.9999999999999999,1.0
9691,10,0.4222222222222222,0.5574222101792892
9692,8,-0.07142857142857142,0.21575621049996874
9693,7,0.33333333333333337,0.5965717783899601
9694,9,-0.5,-0.5648758591667836
9695,6,0.2,0.3904761904761904
9696,10,-0.19999999999999998,-0.2544069608153066
9697,6,0.06666666666666665,-0.08027210884353735
9698,8,0.14285714285714285,0.4782554283211313
9699,10,-0.022222222222222223,-0.17397522166523666
9700,9,0.4444444444444444,0.5306845279842896
9701,6,0.06666666666666665,-0.006802721088435278
9702,9,-0.05555555555555555,-0.22347103380558297
9703,5,-0.39999999999999997,-0.4270072992700731
9704,9,-0.3333333333333333,-0.3720718193294991
9705,10,-0.24444444444444444,-0.1642806605548782
9706,9,0.3888888888888889,0.15152896619441722
9707,8,0.9999999999999998,0.9999999999999998
9708,9,-0.05555555555555555,-0.11467246458128784
9709,9,-0.05555555555555555,0.20805863374947398
9710,5,0.0,0.2846715328467153
9711,9,0.2222222222222222,0.29774512554355453
9712,8,0.6428571428571428,0.8205994618609598
9713,7,0.04761904761904762,-0.06443220079583717
9714,7,0.5238095238095238,0.30364248546066724
9715,8,-0.3571428571428571,-0.3897127839309179
9716,9,-0.3888888888888889,-0.5282648337775286
9717,10,0.37777777777777777,0.5838263409053275
9718,10,0.37777777777777777,0.29205618028270786
9719,9,-0.2222222222222222,-0.30316313648478044
9720,10,-0.19999999999999998,-0.3224645862499812
9721,9,0.3333333333333333,0.4861481273670921
9722,8,0.4999999999999999,0.7363744446530254
9723,8,0.3571428571428571,0.6145422689443714
9724,9,0.1111111111111111,0.015763080375929422
9725,8,0.42857142857142855,0.631562480445529
9726,8,0.3571428571428571,0.5006570302233901
9727,8,0.6428571428571428,0.7702271447343719
9728,9,-0.16666666666666666,-0.2874877261888063
9729,10,0.19999999999999998,0.23808878652395787
9730,8,0.9999999999999998,0.9999999999999998
9731,9,0.16666666666666666,0.48604292327114607
9732,9,0.0,0.23258872212091466
9733,9,0.8888888888888888,0.7790713985131157
9734,9,0.5555555555555556,0.7534542011502314
9735,9,-0.3333333333333333,-0.4228853976714825
9736,9,0.1111111111111111,-0.04488708093701781
9737,8,0.6428571428571428,0.799011325949565
9738,5,0.9999999999999999,1.0
9739,8,0.07142857142857142,0.3433452224516613
9740,9,0.5555555555555556,0.6174077710758873
9741,9,0.2222222222222222,0.14209566559124706
9742,7,1.0,1.0
9743,5,0.9999999999999999,1.0
9744,9,-0.2222222222222222,-0.30866881750596176
9745,8,0.4999999999999999,0.5696139165258746
9746,7,0.4285714285714286,0.258647076828895
9747,7,-0.23809523809523814,-0.40128558310376494
9748,10,-0.1111111111111111,0.004952656219422339
9749,8,-0.2857142857142857,-0.4611100682059945
9750,7,0.4285714285714286,0.5613712886440159
9751,7,0.14285714285714288,0.3764921946740128
9752,5,0.6,0.45255474452554745
9753,7,0.23809523809523814,0.17294153657790015
9754,8,-0.3571428571428571,-0.4622989800387959
9755,10,0.4666666666666666,0.2407532854626745
9756,9,0.3888888888888889,0.6080095385046993
9757,7,0.7142857142857143,0.598255280073462
9758,9,-0.16666666666666666,-0.15045939121896468
9759,7,0.8095238095238096,0.893939393939394
9760,10,-0.24444444444444444,-0.27390145870026633
9761,9,0.0,0.014132416888764196
9762,8,0.6428571428571428,0.6856266816845002
9763,9,0.1111111111111111,0.12335180249684377
9764,9,0.3888888888888889,0.584601627156684
9765,9,0.3333333333333333,0.20192172815261622
9766,9,0.2222222222222222,0.2526301023986535
9767,7,-0.23809523809523814,-0.20171411080501983
9768,10,0.3333333333333333,0.26660043053485677
9769,8,0.14285714285714285,0.32695075402039914
9770,7,0.04761904761904762,-0.04775022956841134
9771,8,0.42857142857142855,0.5694887679118954
9772,9,0.6666666666666666,0.7731799691401319
9773,8,0.7857142857142856,0.835304424003504
9774,9,-0.05555555555555555,-0.2086547902931688
9775,9,0.0,0.04246738673025657
9776,10,0.24444444444444444,0.5101085369341704
9777,8,-0.3571428571428571,-0.32732619986233635
9778,8,-0.2857142857142857,-0.3287028346161064
9779,7,0.33333333333333337,0.5169880624426079
9780,9,0.5,0.6285243372141955
9781,5,0.19999999999999998,0.014598540145985446
9782,9,0.4444444444444444,0.588494178706691
9783,10,0.3333333333333333,0.11026810579716687
9784,7,-0.04761904761904762,0.03826140189776574
9785,10,0.15555555555555553,0.12806153938791795
9786,8,0.4999999999999999,0.45785620424253815
9787,8,0.07142857142857142,0.3712533633690007
9788,10,0.15555555555555553,0.3477848530009484
9789,7,0.9047619047619049,0.8928680746862565
9790,9,0.16666666666666666,0.03601486884556038
9791,10,-0.1111111111111111,0.142964669045146
9792,7,0.5238095238095238,0.6186103458830732
9793,10,0.911111111111111,0.8583751072573725
9794,8,0.14285714285714285,0.4103623052374694
9795,10,0.06666666666666667,0.008445106805762603
9796,7,0.04761904761904762,-0.0171411080501989
9797,9,-0.1111111111111111,0.1629962126525459
9798,10,0.19999999999999998,0.4246037122341146
9799,10,-0.24444444444444444,-0.25875747038191144
9800,10,-0.4666666666666666,-0.5590480061418961
9801,10,-0.15555555555555553,-0.16623763717653434
9802,8,0.42857142857142855,0.2792691320943621
9803,8,0.5714285714285714,0.7680370439897377
9804,9,-0.05555555555555555,-0.16254032823677939
9805,8,0.5714285714285714,0.7711031850322256
9806,10,0.4222222222222222,0.4310617350855801
9807,8,-0.4999999999999999,-0.46448908078343043
9808,9,-0.16666666666666666,-0.19022653948660395
9809,8,0.9285714285714285,0.9614542268944369
9810,6,0.4666666666666666,0.5605442176870749
9811,8,0.5714285714285714,0.6240535636067829
9812,9,0.05555555555555555,0.06417449852714259
9813,10,0.6,0.4351864396573786
9814,9,-0.05555555555555555,0.24179408051620158
9815,9,0.0,-0.149039135923692
9816,7,0.23809523809523814,0.30578512396694213
9817,9,0.0,-0.134310562491233
9818,9,-0.2222222222222222,-0.3172429513255716
9819,10,0.5111111111111111,0.48623342214996457
9820,9,0.1111111111111111,-0.055863374947397876
9821,9,0.3333333333333333,0.2087073923411419
9822,9,0.2222222222222222,0.13757188946556323
9823,9,0.1111111111111111,0.046973628839949516
9824,9,0.5,0.569820451676252
9825,5,-0.19999999999999998,-0.11313868613138695
9826,9,0.4444444444444444,0.6564560246878945
9827,9,0.5,0.6781806705007716
9828,10,0.4666666666666666,0.36292884131930336
9829,7,0.04761904761904762,0.28757269666360574
9830,8,-0.2857142857142857,-0.2975408297353107
9831,10,0.1111111111111111,0.06810278643363597
9832,10,0.5111111111111111,0.6158906501678483
9833,9,0.3333333333333333,0.2196310843035488
9834,9,0.05555555555555555,-0.09584093140692952
9835,8,-0.3571428571428571,-0.347162255178024
9836,7,-0.23809523809523814,0.08968472604836239
9837,8,-0.42857142857142855,-0.4479694637381889
9838,7,0.5238095238095238,0.38169574533210904
9839,9,0.1111111111111111,0.3826448309720859
9840,10,-0.3333333333333333,0.013593460687350425
9841,10,0.1111111111111111,0.15490222643724888
9842,8,0.9999999999999998,0.9999999999999998
9843,9,0.5,0.5440629821854398
9844,10,0.4222222222222222,0.688088033840642
9845,8,0.14285714285714285,0.40128903072398464
9846,9,-0.2777777777777778,-0.2556284191331181
9847,8,0.21428571428571427,0.5126712971653838
9848,10,-0.06666666666666667,-0.06507699950322893
9849,10,0.5111111111111111,0.6072498456999202
9850,9,0.0,-0.1300147285734324
9851,9,-0.16666666666666666,-0.1898583251507926
9852,9,-0.1111111111111111,-0.010783419834478947
9853,10,0.4666666666666666,0.36432883228710355
9854,10,-0.4666666666666666,-0.44706378238419986
9855,10,0.24444444444444444,0.13847867648165726
9856,8,0.21428571428571427,0.40429259745948304
9857,7,0.33333333333333337,0.16008570554025098
9858,8,0.8571428571428571,0.8798573305800637
9859,8,-0.07142857142857142,-0.1955447093423438
9860,9,-0.16666666666666666,-0.04872703043905184
9861,8,0.21428571428571427,0.13497278017645975
9862,9,0.2777777777777778,0.12380768691261054
9863,7,-0.6190476190476191,-0.5970309152127335
9864,10,-0.24444444444444444,-0.4162940884252359
9865,6,-0.2,-0.323809523809524
9866,5,0.7999999999999999,0.6715328467153284
9867,8,0.07142857142857142,-0.12833990363556722
9868,10,0.3333333333333333,0.6194433154194704
9869,8,0.2857142857142857,0.21112571178274203
9870,10,0.5111111111111111,0.6350389137274383
9871,8,0.4999999999999999,0.5549715286903197
9872,10,0.37777777777777777,0.33226452302458265
9873,9,0.0,-0.17064104362463184
9874,10,0.022222222222222223,0.07939303617396018
9875,10,-0.15555555555555553,-0.2094115521835343
9876,8,0.8571428571428571,0.8798573305800637
9877,8,0.14285714285714285,0.0859145234966524
9878,6,0.6,0.7442176870748299
9879,7,0.4285714285714286,0.3100704009794918
9880,6,0.2,0.05850340136054422
9881,7,0.33333333333333337,0.6005509641873279
9882,8,0.2857142857142857,0.0626368812965398
9883,8,0.07142857142857142,-0.11332206995807506
9884,8,-0.3571428571428571,-0.416682310243414
9885,8,0.42857142857142855,0.5502158813591138
9886,7,-0.4285714285714286,-0.460361187633915
9887,9,0.4444444444444444,0.30239163978117556
9888,9,0.0,0.08347945013325844
9889,9,0.0,0.2979029316874738
9890,8,0.42857142857142855,0.4173080533133096
9891,8,-0.07142857142857142,0.2415993992866528
9892,7,0.14285714285714288,0.09794918885827973
9893,9,-0.2222222222222222,-0.29614953008837164
9894,9,-0.1111111111111111,-0.08056880347874881
9895,8,0.8571428571428571,0.9105187410049432
9896,8,0.2857142857142857,0.20030035667354995
9897,8,0.3571428571428571,0.5494649896752393
9898,10,-0.24444444444444444,0.053274925108010095
9899,9,-0.3333333333333333,-0.28142095665591255
9900,8,0.4999999999999999,0.7486390088229772
9901,8,-0.2857142857142857,-0.19992491083161254
9902,10,0.24444444444444444,0.21100724081350006
9903,8,0.14285714285714285,0.07596520868531377
9904,7,0.33333333333333337,0.4796449341903887
9905,9,0.3333333333333333,0.15626315051199327
9906,7,0.33333333333333337,0.10437710437710435
9907,8,0.0,-0.2534885176146671
9908,9,0.05555555555555555,0.07362533314630383
9909,10,-0.19999999999999998,-0.2673681675171988
9910,10,-0.06666666666666667,-0.12839272004696728
9911,10,0.06666666666666667,0.04668141925966067
9912,5,0.39999999999999997,0.6569343065693432
9913,5,0.9999999999999999,1.0
9914,6,-0.2,-0.37142857142857144
9915,6,-0.2,-0.37142857142857144
9916,10,0.19999999999999998,0.038793298107754254
9917,8,0.42857142857142855,0.5574745009699016
9918,8,0.0,0.11063137475752463
9919,7,-0.23809523809523814,-0.2782369146005511
9920,8,0.8571428571428571,0.8842375320693322
9921,7,0.23809523809523814,0.2828282828282828
9922,6,0.06666666666666665,-0.12108843537414965
9923,9,0.2777777777777778,0.2699887782297657
9924,8,0.5714285714285714,0.5499655841311558
9925,7,0.5238095238095238,0.4129170492806856
9926,6,0.4666666666666666,0.5918367346938775
9927,9,0.1111111111111111,-0.051094122597839825
9928,5,0.0,0.2846715328467153
9929,9,0.16666666666666666,0.22776686772338336
9930,10,0.4666666666666666,0.28988845233256566
9931,10,0.1111111111111111,0.03201914826355958
9932,7,0.5238095238095238,0.7558922558922558
9933,9,0.4444444444444444,0.6521952588020761
9934,8,0.21428571428571427,0.3760090107002064
9935,10,0.7333333333333333,0.8518719234069458
9936,9,0.1111111111111111,-0.03875017534015988
9937,10,-0.4222222222222222,-0.5044031973987263
9938,10,-0.022222222222222223,0.24261994008640803
9939,10,0.28888888888888886,0.5803941049842689
9940,10,0.4222222222222222,0.4607174577368318
9941,7,1.0,1.0
9942,8,-0.21428571428571427,-0.25079782241411663
9943,9,0.2777777777777778,0.20949642306073804
9944,8,0.2857142857142857,0.1645078530755273
9945,8,0.4999999999999999,0.6851260872285838
9946,9,0.6666666666666666,0.48597278720718207
9947,10,-0.24444444444444444,-0.21468033539568565
9948,9,0.7222222222222222,0.7638168046009259
9949,8,-0.5714285714285714,-0.6335648582691946
9950,7,0.4285714285714286,0.258647076828895
9951,5,-0.19999999999999998,-0.26277372262773724
9952,7,0.23809523809523814,0.014386287113559902
9953,8,0.4999999999999999,0.47813027970715233
9954,7,-0.5238095238095238,-0.4856137128864402
9955,10,0.37777777777777777,0.5576781225067365
9956,9,0.611111111111111,0.7865934913732642
9957,9,0.2777777777777778,0.19736288399495022
9958,9,-0.16666666666666666,-0.21908752980782714
9959,8,-0.07142857142857142,0.027344972154433614
9960,8,-0.14285714285714285,-0.1587510168324885
9961,8,0.07142857142857142,0.00838495713659982
9962,7,0.5238095238095238,0.36149372513008876
9963,9,0.2222222222222222,0.3835565998036191
9964,9,0.3333333333333333,0.2905035769392621
9965,6,-0.2,-0.2217687074829933
9966,6,0.06666666666666665,-0.13741496598639458
9967,8,0.0,0.22282710718978782
9968,9,-0.2777777777777778,-0.39116636274372274
9969,9,0.2777777777777778,0.29306354327395157
9970,10,-0.19999999999999998,-0.33944512185942866
9971,8,0.3571428571428571,0.30242162568049563
9972,8,0.4999999999999999,0.4624241286527753
9973,6,0.2,0.18367346938775506
9974,7,-0.23809523809523814,0.10361187633914906
9975,9,0.4444444444444444,0.5406789170991726
9976,8,0.42857142857142855,0.3997872473562355
9977,7,0.5238095238095238,0.4868380777471687
9978,8,0.42857142857142855,0.5649834178086477
9979,10,0.3333333333333333,0.5117493865630975
9980,7,-0.4285714285714286,-0.39455157636975835
9981,8,-0.21428571428571427,-0.3046117264251297
9982,7,-0.5238095238095238,-0.5679522497704317
9983,8,0.2857142857142857,0.1698266691696388
9984,8,0.0,-0.13422188849258473
9985,8,-0.14285714285714285,-0.054940241536825016
9986,8,-0.6428571428571428,-0.6661034979037609
9987,8,0.14285714285714285,0.33571115699893617
9988,9,0.0,-0.10909664749614265
9989,9,0.7222222222222222,0.7884345630523215
9990,9,0.3888888888888889,0.6093771917519988
9991,9,0.2777777777777778,0.441734464861832
9992,8,0.42857142857142855,0.5268130905450222
9993,10,0.19999999999999998,0.043429827334447335
9994,9,-0.16666666666666666,0.1153212231729556
9995,9,0.4444444444444444,0.28334969841492497
9996,6,0.9999999999999999,1.0
9997,8,0.07142857142857142,-0.004755647331205745
9998,8,-0.07142857142857142,-0.2149427445091045
9999,9,0.611111111111111,0.7120914574274092
10000,9,0.4444444444444444,0.32076728853976716
10001,10,0.3333333333333333,0.48456246518839663
10002,10,0.28888888888888886,0.17472790498125818
10003,9,-0.16666666666666666,0.19027914153457712
10004,8,0.0,-0.0416119141480507
10005,9,0.4444444444444444,0.3718263431056249
10006,8,0.14285714285714285,0.1994868906826859
10007,10,0.19999999999999998,0.22226738322118347
10008,10,0.5111111111111111,0.7287028255731685
10009,9,0.7222222222222222,0.7378313929022304
10010,10,-0.06666666666666667,-0.10615845489168887
10011,8,0.8571428571428571,0.9389900506851885
10012,6,0.3333333333333333,0.4666666666666667
10013,7,0.14285714285714288,0.11784511784511795
10014,7,0.33333333333333337,0.15901438628711362
10015,8,0.07142857142857142,0.023027344972154667
10016,8,-0.14285714285714285,-0.10406107252362179
10017,8,0.9999999999999998,0.9999999999999998
10018,8,0.3571428571428571,0.3098053939052625
10019,9,-0.05555555555555555,-0.10380137466685363
10020,10,0.15555555555555553,0.36464495927983265
10021,7,-0.33333333333333337,-0.3523109886746252
10022,8,0.14285714285714285,0.3202553031725174
10023,9,-0.2222222222222222,-0.31850540047692544
10024,9,0.2222222222222222,0.12438630944031429
10025,9,-0.05555555555555555,0.11821433581147427
10026,8,0.2857142857142857,0.20155184281334101
10027,9,0.8888888888888888,0.8865899845700661
10028,9,0.4444444444444444,0.64900406789171
10029,7,0.8095238095238096,0.7600244872972146
10030,7,0.6190476190476191,0.7471686562595652
10031,8,0.21428571428571427,0.2238908704086101
10032,9,-0.05555555555555555,0.12975171833356722
10033,8,0.5714285714285714,0.6075339465615418
10034,9,0.05555555555555555,0.2917660260906157
10035,8,0.07142857142857142,0.35072899067642815
10036,7,0.14285714285714288,0.4116926844199571
10037,6,0.4666666666666666,0.6149659863945578
10038,7,0.9047619047619049,0.9421487603305785
10039,7,0.6190476190476191,0.7610958065503519
10040,10,0.37777777777777777,0.5007752638155023
10041,9,0.2777777777777778,0.23115093280965077
10042,5,0.7999999999999999,0.8175182481751825
10043,10,-0.06666666666666667,-0.17403543633051802
10044,6,-0.06666666666666665,0.24897959183673476
10045,10,0.5111111111111111,0.6082132803444279
10046,9,0.05555555555555555,0.42406017674288127
10047,9,0.2777777777777778,0.43950764483097216
10048,6,0.06666666666666665,0.11156462585034019
10049,9,0.8333333333333334,0.8085285453780335
10050,8,0.4999999999999999,0.5975220574432136
10051,7,0.33333333333333337,0.45576981940618305
10052,7,0.14285714285714288,0.1386593204775024
10053,9,-0.4444444444444444,-0.5102047973067749
10054,7,0.5238095238095238,0.4129170492806856
10055,7,0.23809523809523814,0.11616161616161609
10056,10,-0.28888888888888886,-0.3764470336750517
10057,5,0.0,0.2846715328467153
10058,8,0.21428571428571427,0.016206745510293573
10059,9,0.2777777777777778,0.33135783419834486
10060,6,0.06666666666666665,-0.13741496598639458
10061,8,0.3571428571428571,0.3459733433452225
10062,8,0.9285714285714285,0.9674613603654337
10063,8,-0.07142857142857142,0.22945998373068005
10064,9,-0.4444444444444444,-0.5565296675550571
10065,10,0.19999999999999998,0.3494708636288368
10066,8,0.07142857142857142,0.27939428070834105
10067,10,0.5111111111111111,0.5710608318656009
10068,8,0.42857142857142855,0.30091984231274643
10069,7,0.04761904761904762,-0.1147842056932964
10070,9,0.2777777777777778,0.6184247440033666
10071,10,0.6,0.6670731156573184
10072,10,0.6888888888888888,0.7272275662737661
10073,9,0.0,0.03252559966334703
10074,9,0.16666666666666666,0.1946275775003506
10075,8,0.07142857142857142,-0.009198423127463898
10076,6,0.2,0.027210884353741555
10077,9,-0.1111111111111111,-0.1923481554215179
10078,8,-0.07142857142857142,-0.1328452537388148
10079,9,-0.16666666666666666,-0.3077395146584375
10080,9,0.1111111111111111,0.1362393042502455
10081,9,0.0,0.1946275775003507
10082,10,0.28888888888888886,0.5696457872314803
10083,9,-0.2222222222222222,-0.42667274512554354
10084,9,0.1111111111111111,0.1769708233973909
10085,6,0.3333333333333333,0.4666666666666667
10086,8,0.8571428571428571,0.9284149928039547
10087,8,-0.3571428571428571,-0.4138038921218947
10088,8,0.0,-0.05087291158250416
10089,9,-0.3333333333333333,-0.4513431056249123
10090,8,0.42857142857142855,0.5099180276578437
10091,7,-0.04761904761904762,0.04377104377104371
10092,5,0.7999999999999999,0.8722627737226277
10093,10,0.06666666666666667,-0.02723208237366192
10094,9,0.5,0.5834969841492497
10095,9,-0.2222222222222222,-0.27886099032122313
10096,8,0.07142857142857142,0.31431074400851006
10097,8,0.9285714285714285,0.9526938239159001
10098,8,0.07142857142857142,-0.08403729428696582
10099,9,0.3333333333333333,0.21843877121615946
10100,7,-0.04761904761904762,-0.14921946740128544
10101,8,-0.21428571428571427,-0.3055503410299731
10102,9,-0.3888888888888889,-0.3576237901528966
10103,6,0.2,0.4448979591836734
10104,8,-0.3571428571428571,-0.4425880733370876
10105,6,-0.7333333333333333,-0.7795918367346942
10106,9,0.0,0.18656193014448033
10107,9,0.2777777777777778,0.14405947538224162
10108,9,-0.05555555555555555,-0.15387852433721427
10109,9,0.16666666666666666,0.3139290223032683
10110,10,0.24444444444444444,0.4563067335049451
10111,8,0.2857142857142857,0.13697515800012533
10112,9,0.6666666666666666,0.7859096647496143
10113,8,0.2857142857142857,0.1920405481509293
10114,9,0.3333333333333333,0.27723032683405796
10115,9,0.3333333333333333,0.29320381540187956
10116,8,0.14285714285714285,0.16256804955885118
10117,10,0.19999999999999998,0.2131147540983606
10118,4,0.3333333333333334,0.2
10119,5,0.39999999999999997,0.5255474452554745
10120,8,0.4999999999999999,0.2676303109943058
10121,10,-0.24444444444444444,-0.3397612488521578
10122,8,0.07142857142857142,0.43970965521556865
10123,4,1.0,0.9999999999999998
10124,7,0.23809523809523814,0.5528007346189163
10125,6,-0.4666666666666666,-0.6095238095238096
10126,8,0.3571428571428571,0.47800513109317305
10127,10,0.19999999999999998,0.06950277740143607
10128,7,0.14285714285714288,0.3677685950413223
10129,7,0.14285714285714288,-0.0831037649219466
10130,9,0.05555555555555555,0.1912961144620563
10131,8,0.07142857142857142,0.3492897816156686
10132,9,0.3888888888888889,0.3215913872913453
10133,10,-0.37777777777777777,-0.5089343509611763
10134,7,-0.4285714285714286,-0.4674012855831039
10135,7,0.7142857142857143,0.7450260177532905
10136,8,0.7857142857142856,0.8670921719541955
10137,9,0.16666666666666666,-0.048639360359096516
10138,8,0.4999999999999999,0.7382516738627118
10139,9,0.3888888888888889,0.3502595034366671
10140,9,0.3888888888888889,0.47513676532473004
10141,8,-0.14285714285714285,-0.22276453288279807
10142,8,0.9285714285714285,0.9386771791502406
10143,8,0.3571428571428571,0.17827420061322816
10144,9,0.5,0.3281666432879785
10145,7,0.23809523809523814,0.38077747168656256
10146,8,0.3571428571428571,0.5367624053563606
10147,8,-0.3571428571428571,-0.3435955196796192
10148,10,-0.06666666666666667,-0.11595839166629034
10149,9,0.0,0.0008591667835602442
10150,9,-0.3888888888888889,-0.49104011782858725
10151,9,-0.05555555555555555,-0.18971805302286437
10152,8,0.3571428571428571,0.18703460359176521
10153,9,-0.05555555555555555,-0.25824098751578056
10154,9,0.0,0.14851311544396134
10155,9,0.611111111111111,0.6786716229485202
10156,10,0.4666666666666666,0.6996191422420931
10157,10,0.1111111111111111,-0.039606196089057494
10158,6,0.06666666666666665,-0.03809523809523824
10159,10,0.28888888888888886,0.4377756702644929
10160,8,-0.42857142857142855,-0.5981478005131092
10161,7,-0.14285714285714288,-0.21854912764003678
10162,8,0.2857142857142857,0.3037356861272762
10163,8,-0.2857142857142857,-0.5000312871534945
10164,10,0.4222222222222222,0.5640157160276387
10165,9,0.0,0.28291134801514944
10166,7,0.7142857142857143,0.8518518518518519
10167,8,0.2857142857142857,0.37500782178837366
10168,9,0.5,0.4897601346612428
10169,10,-0.24444444444444444,-0.31006036520194513
10170,8,-0.14285714285714285,-0.19804768162192593
10171,8,0.5714285714285714,0.7998873662474187
10172,9,0.1111111111111111,0.02426707813157525
10173,7,0.5238095238095238,0.7542087542087542
10174,2,1.0,1.0
10175,5,0.6,0.7700729927007298
10176,7,0.23809523809523814,0.2828282828282828
10177,8,0.07142857142857142,-0.1627557724798196
10178,9,-0.3888888888888889,-0.5715037172113898
10179,9,0.0,-0.008381259643708873
10180,9,0.3888888888888889,0.1377472296254734
10181,9,0.7777777777777778,0.7951150231449011
10182,9,-0.2777777777777778,-0.4387887501753401
10183,7,-0.33333333333333337,-0.3847566574839302
10184,9,-0.5,-0.6439893393182776
10185,9,0.3333333333333333,0.5870388553794361
10186,10,0.022222222222222223,-0.023017055803941006
10187,7,0.33333333333333337,0.10437710437710435
10188,8,0.6428571428571428,0.7477003942181341
10189,7,0.5238095238095238,0.6914600550964186
10190,10,0.3333333333333333,0.39898237215673876
10191,8,0.0,-0.20130154558538252
10192,9,0.5,0.6843526441296115
10193,10,-0.37777777777777777,-0.48561622183082676
10194,10,0.19999999999999998,0.4429390778124012
10195,9,-0.05555555555555555,0.24863234675270024
10196,10,0.28888888888888886,0.5641662526908429
10197,10,0.3333333333333333,0.6125938972436737
10198,9,0.611111111111111,0.752314490110815
10199,7,0.33333333333333337,0.4993878175696357
10200,8,0.07142857142857142,0.08491333458481938
10201,9,0.5,0.6254558844157665
10202,6,-0.06666666666666665,-0.23265306122448975
10203,8,0.14285714285714285,0.34403353982854634
10204,9,0.4444444444444444,0.23681441997475078
10205,10,-0.28888888888888886,-0.49597314425928424
10206,8,0.21428571428571427,0.44759401789625175
10207,9,0.2222222222222222,0.5312105484640203
10208,9,0.2222222222222222,0.39530439051760424
10209,9,-0.2777777777777778,-0.36011362042362194
10210,10,0.022222222222222223,0.016348281623989463
10211,9,0.5,0.6791099733482957
10212,7,0.33333333333333337,0.18258340985613714
10213,10,0.1111111111111111,0.10051333002152679
10214,9,0.16666666666666666,-0.020164118389676015
10215,8,0.0,-0.10418622113760075
10216,8,0.6428571428571428,0.6856266816845002
10217,5,-0.39999999999999997,-0.46350364963503665
10218,9,-0.1111111111111111,-0.21794781876841063
10219,6,0.4666666666666666,0.5605442176870749
10220,10,0.8222222222222221,0.8792695961101328
10221,10,0.7777777777777777,0.8931791837902121
10222,10,0.37777777777777777,0.17451715365277207
10223,8,0.42857142857142855,0.5269382391590013
10224,9,0.2222222222222222,0.222752139149951
10225,9,0.2777777777777778,0.28508556599803625
10226,6,0.3333333333333333,0.5156462585034014
10227,8,0.42857142857142855,0.6629122082472936
10228,10,-0.37777777777777777,-0.45434975688328894
10229,10,0.19999999999999998,0.05360610576705955
10230,8,-0.21428571428571427,-0.32682560540642003
10231,5,0.0,0.0
10232,6,0.06666666666666665,-0.06802721088435379
10233,9,0.5555555555555556,0.750771496703605
10234,7,0.33333333333333337,0.45576981940618305
10235,9,0.2222222222222222,0.043414223593772
10236,6,0.8666666666666666,0.8639455782312926
10237,9,0.2777777777777778,0.5221279281806706
10238,6,0.2,0.0503401360544218
10239,9,0.5,0.6179513255716089
10240,9,-0.05555555555555555,-0.21407280123439482
10241,9,0.6666666666666666,0.836793379155562
10242,9,0.5555555555555556,0.4329499228503296
10243,6,0.06666666666666665,-0.006802721088435278
10244,7,0.33333333333333337,0.2702785430058157
10245,9,0.4444444444444444,0.5270023846261749
10246,9,0.16666666666666666,0.3016552111095527
10247,8,0.21428571428571427,0.4358300481822163
10248,6,0.9999999999999999,1.0
10249,3,-0.33333333333333337,-0.36363636363636354
10250,8,-0.07142857142857142,-0.06025905763093668
10251,7,0.04761904761904762,0.28558310376492185
10252,5,0.19999999999999998,0.45255474452554734
10253,7,0.14285714285714288,-0.003826140189776603
10254,8,0.21428571428571427,0.07039609536324398
10255,8,0.2857142857142857,0.4394593579876104
10256,6,0.2,0.417687074829932
10257,7,0.23809523809523814,0.4643403734312825
10258,9,0.2777777777777778,0.402914153457708
10259,9,0.2777777777777778,0.4996493196801796
10260,9,0.6666666666666666,0.7479309861130594
10261,10,0.3333333333333333,0.4275391771665989
10262,9,0.05555555555555555,0.3418256417449853
10263,10,0.4222222222222222,0.5968327086061811
10264,8,-0.07142857142857142,-0.1789625179901131
10265,9,0.1111111111111111,0.32992004488708093
10266,9,0.1111111111111111,-0.06719034927759847
10267,10,0.15555555555555553,0.15714522271899334
10268,6,0.3333333333333333,0.2802721088435374
10269,7,-0.14285714285714288,-0.1619222528313437
10270,9,0.1111111111111111,0.08188385467807545
10271,8,0.3571428571428571,0.5008447531443588
10272,9,0.611111111111111,0.4226399214476084
10273,6,-0.4666666666666666,-0.38231292517006815
10274,8,0.4999999999999999,0.6701082535510918
10275,9,0.5,0.7168957778089494
10276,9,-0.1111111111111111,-0.11302426707813171
10277,8,0.5714285714285714,0.5805018459420563
10278,10,0.06666666666666667,0.40982101190745013
10279,7,-0.5238095238095238,-0.5965717783899603
10280,6,-0.4666666666666666,-0.5319727891156463
10281,9,0.5,0.6411488287277317
10282,10,-0.4666666666666666,-0.5358201990094686
10283,7,0.5238095238095238,0.7151821242730333
10284,7,0.14285714285714288,0.3425160697887969
10285,9,0.2777777777777778,0.253050918782438
10286,6,0.3333333333333333,0.14965986394557837
10287,9,0.3333333333333333,0.6480572310281948
10288,9,-0.2222222222222222,-0.34976855098891846
10289,9,0.05555555555555555,0.3029877963248703
10290,9,0.5555555555555556,0.6260695749754525
10291,4,-0.3333333333333334,-0.43999999999999995
10292,9,-0.3333333333333333,-0.21942067611165655
10293,9,0.1111111111111111,0.34577079534296534
10294,9,-0.3888888888888889,-0.29539556740075756
10295,6,-0.06666666666666665,-0.017687074829931985
10296,8,0.07142857142857142,0.4431512420999937
10297,9,0.3888888888888889,0.2706550708374247
10298,9,0.0,-0.012343947257679927
10299,9,-0.6666666666666666,-0.7292572590826203
10300,8,0.21428571428571427,0.38614604843251366
10301,9,0.5555555555555556,0.7577500350680322
10302,7,0.6190476190476191,0.7471686562595652
10303,8,-0.14285714285714285,-0.20918590826606587
10304,6,-0.2,-0.3755102040816326
10305,8,0.07142857142857142,-0.02828358675927664
10306,3,0.33333333333333337,0.18181818181818177
10307,10,0.3333333333333333,0.580394104984269
10308,9,-0.1111111111111111,-0.2951676251928741
10309,8,0.14285714285714285,0.0807834303235094
10310,10,-0.022222222222222223,0.18424182209577145
10311,10,0.1111111111111111,0.3383913652169986
10312,8,0.21428571428571427,-0.025718040172704876
10313,7,0.14285714285714288,-0.004897459442914157
10314,9,-0.1111111111111111,-0.18543975312105498
10315,8,-0.4999999999999999,-0.5601026218634628
10316,10,0.4222222222222222,0.3902211383582471
10317,8,-0.14285714285714285,-0.20918590826606592
10318,9,0.05555555555555555,0.19357553654088933
10319,9,0.2222222222222222,0.5204095946135503
10320,9,-0.16666666666666666,-0.19811684668256427
10321,9,0.2777777777777778,0.452588020760275
10322,8,0.2857142857142857,0.462298980038796
10323,8,0.0,-0.14392090607596494
10324,7,-0.23809523809523814,-0.41307009488827673
10325,6,0.06666666666666665,0.3510204081632653
10326,9,0.0,-0.10301234394725767
10327,9,0.2222222222222222,0.42369196240706974
10328,8,-0.14285714285714285,-0.32619986233652454
10329,6,0.9999999999999999,1.0
10330,8,0.3571428571428571,0.22733245729303564
10331,9,0.1111111111111111,-0.021847383924814077
10332,10,-0.06666666666666667,7.52683316020096e-05
10333,6,-0.3333333333333333,-0.44489795918367364
10334,6,0.7333333333333333,0.8040816326530612
10335,9,-0.2222222222222222,-0.29457146864917927
10336,8,0.3571428571428571,0.46236155434578546
10337,9,-0.2222222222222222,-0.3243266937859448
10338,7,0.14285714285714288,0.18411386593204776
10339,9,-0.3333333333333333,-0.493284471875438
10340,6,0.9999999999999999,1.0
10341,9,0.2777777777777778,0.17057090756066778
10342,10,0.6,0.4755904800614189
10343,10,-0.15555555555555553,-0.318068915684415
10344,10,0.022222222222222223,0.05800177633262593
10345,9,0.4444444444444444,0.5785523916397812
10346,10,0.1111111111111111,0.38403408150054946
10347,9,0.5555555555555556,0.6892271005751158
10348,9,-0.05555555555555555,0.08910786926637673
10349,8,-0.42857142857142855,-0.2968525123584257
10350,9,0.2222222222222222,0.05789732080235664
10351,10,0.6888888888888888,0.7729003898899578
10352,7,0.23809523809523814,0.38077747168656256
10353,7,0.8095238095238096,0.8650137741046833
10354,8,0.21428571428571427,0.03648082097490783
10355,10,0.19999999999999998,-0.005991359195532037
10356,8,-0.21428571428571427,-0.12846505224954607
10357,9,0.3888888888888889,0.6470051900687334
10358,9,0.7777777777777778,0.8418782437929584
10359,9,0.4444444444444444,0.5940173937438631
10360,9,-0.1111111111111111,-0.16571398513115443
10361,9,0.2222222222222222,0.003436667134240498
10362,9,-0.2777777777777778,-0.31817225417309575
10363,9,-0.05555555555555555,0.19773109833076163
10364,8,0.5714285714285714,0.7346849383643075
10365,10,0.15555555555555553,-0.03292236824278571
10366,7,0.9047619047619049,0.9250076522803795
10367,9,0.0,-0.1025739935474821
10368,8,0.42857142857142855,0.5632313372129403
10369,7,0.4285714285714286,0.5653504744413835
10370,8,0.14285714285714285,0.3840810963018584
10371,10,0.28888888888888886,0.03969651808698005
10372,7,0.7142857142857143,0.8689929599020508
10373,10,0.6,0.4676421442442307
10374,4,0.0,0.30666666666666653
10375,5,0.9999999999999999,1.0
10376,9,-0.1111111111111111,-0.2538925515500071
10377,10,-0.19999999999999998,-0.2637853949329359
10378,8,-0.07142857142857142,0.026906952005506673
10379,8,0.07142857142857142,0.2957887491396033
10380,9,0.2222222222222222,0.027703745265815857
10381,6,-0.3333333333333333,0.0530612244897958
10382,5,0.9999999999999999,1.0
10383,8,-0.21428571428571427,-0.24547900632000494
10384,6,0.4666666666666666,0.31972789115646266
10385,9,0.6666666666666666,0.5752910646654511
10386,9,0.3333333333333333,0.17541029597418986
10387,9,0.5,0.7086547902931688
10388,8,0.0,-0.014892685063512733
10389,8,0.4999999999999999,0.5873850197109066
10390,10,-0.1111111111111111,-0.15311084014511733
10391,9,-0.16666666666666666,0.11921377472296255
10392,7,0.33333333333333337,0.45576981940618305
10393,9,0.2777777777777778,0.1553689156964512
10394,10,0.19999999999999998,0.143973264688615
10395,9,0.3888888888888889,0.5068733342684808
10396,10,-0.24444444444444444,0.04401692032094402
10397,8,-0.07142857142857142,-0.12621237719792247
10398,10,0.3333333333333333,0.3622815336675247
10399,10,0.1111111111111111,0.061795300245374676
10400,8,0.14285714285714285,0.010262186346286173
10401,8,-0.07142857142857142,0.02784556661034999
10402,9,0.16666666666666666,0.16147075326132707
10403,10,0.5111111111111111,0.5988800072257598
10404,10,-0.1111111111111111,-0.11815622694907349
10405,8,0.7142857142857142,0.8687816782429134
10406,9,0.0,-0.16094473278159602
10407,10,0.06666666666666667,0.11168315043128758
10408,9,-0.05555555555555555,-0.11256838266236499
10409,8,0.0,0.08384957136599729
10410,8,0.07142857142857142,0.1576872536136663
10411,9,0.16666666666666666,0.23627086547902937
10412,8,0.07142857142857142,-0.12558663412802673
10413,9,0.2777777777777778,0.17977626595595464
10414,10,-0.1111111111111111,-0.24966505592437027
10415,9,0.16666666666666666,0.11239304250245481
10416,8,-0.07142857142857142,0.13966585320067587
10417,6,-0.06666666666666665,-0.23265306122448975
10418,8,0.2857142857142857,0.24278831111945443
10419,9,0.2777777777777778,0.4987375508486464
10420,8,-0.07142857142857142,-0.07089668981916032
10421,8,0.21428571428571427,0.5207433827670358
10422,9,0.3333333333333333,0.2951500911768832
10423,5,0.19999999999999998,0.11496350364963506
10424,10,-0.022222222222222223,-0.20152343103162756
10425,8,-0.14285714285714285,-0.11982979788498835
10426,9,0.3888888888888889,0.19645111516341704
10427,10,0.24444444444444444,0.2356350389137276
10428,10,0.4666666666666666,0.451670204278252
10429,9,-0.05555555555555555,-0.03415626315051211
10430,9,0.611111111111111,0.49628278860990316
10431,6,0.7333333333333333,0.6598639455782312
10432,9,0.6666666666666666,0.7159489409454342
10433,9,-0.2222222222222222,-0.35778159629681583
10434,6,0.06666666666666665,0.02857142857142854
10435,8,0.21428571428571427,0.1368500093861462
10436,9,0.6666666666666666,0.4476784962827887
10437,9,0.3888888888888889,0.3730887922569785
10438,5,0.19999999999999998,0.09854014598540149
10439,5,-0.19999999999999998,-0.11313868613138695
10440,10,-0.15555555555555553,-0.3077421005885983
10441,7,-0.04761904761904762,-0.20630547903275182
10442,9,0.6666666666666666,0.8107728994248844
10443,8,0.07142857142857142,-0.027219823540454165
10444,9,0.611111111111111,0.6611376069574976
10445,9,-0.611111111111111,-0.5945083461916116
10446,9,0.8333333333333334,0.8750701360639641
10447,7,0.33333333333333337,0.16008570554025098
10448,9,-0.1111111111111111,0.05032262589423491
10449,10,0.4222222222222222,0.6297099158500052
10450,9,0.5,0.25767989900406774
10451,9,-0.16666666666666666,-0.15375578622527697
10452,7,0.9047619047619049,0.9421487603305785
10453,9,-0.16666666666666666,-0.19276897180530228
10454,9,0.1111111111111111,0.3791906298218544
10455,8,-0.21428571428571427,-0.20036293098053937
10456,6,-0.3333333333333333,-0.35238095238095246
10457,10,0.022222222222222223,-0.13143356064369482
10458,10,-0.06666666666666667,-0.04070511373044926
10459,9,0.05555555555555555,0.34943540468508916
10460,7,0.23809523809523814,0.44123048668503206
10461,7,0.33333333333333337,0.5965717783899601
10462,9,0.4444444444444444,0.315173937438631
10463,10,0.022222222222222223,0.0488340935434826
10464,3,1.0,1.0
10465,10,0.8666666666666666,0.9024221349109576
10466,6,0.3333333333333333,0.4993197278911565
10467,8,-0.07142857142857142,-0.025217445716788564
10468,9,0.5555555555555556,0.4048604292327114
10469,9,0.2222222222222222,0.13571328377051503
10470,8,0.14285714285714285,0.14185595394531017
10471,8,-0.2857142857142857,-0.33715036605969584
10472,9,0.2777777777777778,0.3171202132136345
10473,8,0.2857142857142857,0.195294412114386
10474,7,0.7142857142857143,0.8689929599020508
10475,9,0.05555555555555555,0.02647636414644397
10476,7,0.04761904761904762,-0.08096112641567198
10477,10,0.28888888888888886,0.15869575034999772
10478,9,0.2777777777777778,0.3054776265955955
10479,5,0.9999999999999999,1.0
10480,10,0.06666666666666667,0.09366391184573
10481,9,-0.3888888888888889,-0.4703324449431898
10482,9,0.2222222222222222,0.06494599523074758
10483,10,0.19999999999999998,0.4566228604976742
10484,6,0.9999999999999999,1.0
10485,6,0.4666666666666666,0.6625850340136055
10486,8,-0.14285714285714285,-0.24547900632000505
10487,9,0.611111111111111,0.7794922148969
10488,10,0.15555555555555553,-0.030754640292643173
10489,7,0.9047619047619049,0.952861952861953
10490,7,0.04761904761904762,0.28466483011937554
10491,7,-0.04761904761904762,0.2258953168044076
10492,9,0.0,0.08155070837424609
10493,10,-0.5111111111111111,-0.5977208749190861
10494,8,0.21428571428571427,-0.025718040172704876
10495,7,-0.23809523809523814,-0.2828282828282827
10496,10,-0.1111111111111111,-0.12791100272471367
10497,9,0.0,-0.1643989339318277
10498,10,0.28888888888888886,0.24968010959069084
10499,9,0.3333333333333333,0.20925094683686352
10500,10,-0.15555555555555553,-0.2808261452076649
10501,9,0.16666666666666666,0.4065086267358676
10502,9,0.0,0.2859798008135785
10503,7,0.23809523809523814,0.11692684419957142
10504,8,0.14285714285714285,0.35154245666729234
10505,10,-0.022222222222222223,0.025500910746812475
10506,9,0.1111111111111111,0.14726820030859872
10507,6,0.4666666666666666,0.5863945578231293
10508,8,0.9285714285714285,0.9526938239159001
10509,6,0.6,0.4013605442176872
10510,5,0.19999999999999998,0.437956204379562
10511,6,0.7333333333333333,0.7904761904761904
10512,8,-0.07142857142857142,-0.2174457167886865
10513,10,-0.24444444444444444,-0.1808095861747127
10514,10,0.5111111111111111,0.39875656716193225
10515,10,-0.24444444444444444,-0.4530852489123727
10516,8,0.2857142857142857,0.5489643952193228
10517,7,0.04761904761904762,0.29017447199265367
10518,8,-0.3571428571428571,-0.518052687566485
10519,9,-0.2777777777777778,-0.3255014728573433
10520,7,0.4285714285714286,0.6112641567187023
10521,9,0.4444444444444444,0.6069048954972647
10522,10,0.1111111111111111,0.24683496665612908
10523,8,0.14285714285714285,0.409861710781553
10524,6,0.8666666666666666,0.926530612244898
10525,9,0.16666666666666666,-0.0642446345911066
10526,5,0.19999999999999998,0.45255474452554734
10527,9,-0.16666666666666666,-0.23607799130312823
10528,3,1.0,1.0
10529,8,-0.07142857142857142,-0.018584569175896418
10530,10,0.4222222222222222,0.6350840747263995
10531,8,0.2857142857142857,0.43213816406983274
10532,8,-0.21428571428571427,-0.32532382203867083
10533,7,0.33333333333333337,0.4675543311906948
10534,8,0.07142857142857142,0.047806770540016336
10535,9,0.3888888888888889,0.5424673867302567
10536,9,0.5555555555555556,0.35709776967316587
10537,7,-0.6190476190476191,-0.5445362718089992
10538,9,0.16666666666666666,0.25897741618740355
10539,9,0.0,-0.08521531771636968
10540,8,-0.07142857142857142,-0.15036605969588876
10541,9,0.611111111111111,0.7773881329779774
10542,9,0.9444444444444445,0.9791345209706833
10543,10,0.06666666666666667,0.09879721206099745
10544,9,0.0,0.07855239163978121
10545,8,0.07142857142857142,0.0693949064514111
10546,9,0.7777777777777778,0.9017218403703184
10547,9,-0.5,-0.5200063122457568
10548,5,0.6,0.5729927007299269
10549,9,0.5555555555555556,0.6176357132837706
10550,8,0.42857142857142855,0.6654151805268755
10551,6,0.06666666666666665,0.047619047619047596
10552,8,0.2857142857142857,0.39027595269382376
10553,8,-0.07142857142857142,0.35986483949690257
10554,9,-0.4444444444444444,-0.5526546500210405
10555,9,0.5555555555555556,0.6304706129891992
10556,8,-0.07142857142857142,0.22758275452099364
10557,4,0.6666666666666669,0.7333333333333332
10558,8,0.3571428571428571,0.5189287278643389
10559,8,-0.6428571428571428,-0.723922157562105
10560,9,0.1111111111111111,0.004997194557441555
10561,10,0.1111111111111111,0.021767601499345257
10562,9,-0.4444444444444444,-0.5336302426707813
10563,6,0.6,0.6462585034013605
10564,10,-0.022222222222222223,0.10531544957774473
10565,9,-0.2222222222222222,-0.37459671763220637
10566,4,-0.3333333333333334,-0.29333333333333333
10567,7,-0.04761904761904762,0.003060912151821118
10568,8,0.3571428571428571,0.28152180714598585
10569,8,0.9285714285714285,0.9386771791502406
10570,9,-0.05555555555555555,-0.16727451255435555
10571,8,0.3571428571428571,0.37200425505287543
10572,9,0.6666666666666666,0.7731799691401319
10573,10,0.022222222222222223,-0.09891764139156092
10574,9,0.05555555555555555,-0.0772373404404545
10575,4,1.0,0.9999999999999998
10576,10,0.15555555555555553,0.3732406027487996
10577,10,-0.19999999999999998,-0.31111412184437515
10578,4,-0.3333333333333334,-0.43999999999999995
10579,7,0.23809523809523814,0.22084481175390272
10580,5,0.0,-0.1861313868613138
10581,9,-0.1111111111111111,-0.29071398513115465
10582,7,0.5238095238095238,0.5800428527701255
10583,6,0.6,0.6462585034013605
10584,7,0.4285714285714286,0.258647076828895
10585,10,-0.5555555555555555,-0.6075208116936879
10586,9,-0.2222222222222222,0.08481203534857638
10587,8,0.07142857142857142,0.18521994868906827
10588,9,0.2222222222222222,0.3868705288259224
10589,9,0.7222222222222222,0.7483518024968439
10590,6,0.8666666666666666,0.9047619047619049
10591,9,-0.05555555555555555,0.0034015991022584013
10592,8,0.0,-0.1503660596958888
10593,7,0.6190476190476191,0.7588001224364862
10594,5,0.9999999999999999,1.0
10595,5,-0.6,-0.5729927007299271
10596,6,-0.06666666666666665,-0.08571428571428577
10597,8,-0.07142857142857142,-0.048682810837869836
10598,8,0.5714285714285714,0.3517301795882611
10599,8,-0.3571428571428571,-0.2919091421062511
10600,9,0.2777777777777778,0.04595665591247017
10601,8,0.07142857142857142,-0.027219823540454165
10602,9,0.0,-0.10678215738532758
10603,9,-0.05555555555555555,-0.25056108851171266
10604,4,-0.6666666666666669,-0.6666666666666666
10605,10,0.28888888888888886,0.10680576254346746
10606,8,-0.07142857142857142,-0.2265815656091607
10607,8,-0.21428571428571427,-0.15612289593892745
10608,10,0.5111111111111111,0.6136928148850652
10609,9,0.1111111111111111,-0.0019638097909944405
10610,10,0.24444444444444444,0.2623703502988153
10611,10,0.1111111111111111,0.10963585181170876
10612,8,0.21428571428571427,0.157874976534635
10613,7,0.14285714285714288,-0.003826140189776603
10614,8,0.3571428571428571,0.6657906263688129
10615,8,0.5714285714285714,0.7301795882610599
10616,10,0.6888888888888888,0.6358518117087417
10617,7,0.14285714285714288,0.038567493112947694
10618,9,-0.1111111111111111,0.06138658998456999
10619,9,0.5555555555555556,0.6185650161312948
10620,10,0.5555555555555555,0.7246834966656129
10621,8,-0.07142857142857142,0.0016895062887178208
10622,10,-0.022222222222222223,-0.0934079995182825
10623,10,0.1111111111111111,-0.117162684971925
10624,10,0.28888888888888886,0.553794276596065
10625,9,0.16666666666666666,0.008205919483798535
10626,8,0.7142857142857142,0.8635880107627807
10627,9,-0.1111111111111111,-0.18638658998456992
10628,10,0.28888888888888886,0.4822442005750501
10629,9,0.8333333333333334,0.7238392481413944
10630,5,0.19999999999999998,0.11496350364963506
10631,6,-0.06666666666666665,0.24897959183673476
10632,6,0.3333333333333333,0.11564625850340146
10633,8,-0.7857142857142856,-0.850197109067017
10634,6,0.9999999999999999,1.0
10635,6,-0.06666666666666665,-0.19183673469387755
10636,8,0.9999999999999998,0.9999999999999998
10637,9,-0.2222222222222222,-0.2653422639921447
10638,6,0.7333333333333333,0.7619047619047619
10639,10,0.4222222222222222,0.49169790302428157
10640,8,0.42857142857142855,0.5954571053125586
10641,8,0.4999999999999999,0.6134159314185594
10642,4,1.0,0.9999999999999998
10643,9,0.7777777777777778,0.6523004628980222
10644,10,0.4222222222222222,0.5147751734935042
10645,6,-0.2,-0.1673469387755102
10646,8,0.07142857142857142,-0.03253863963456574
10647,8,0.2857142857142857,0.16125398911207067
10648,10,0.4222222222222222,0.5743425311234551
10649,8,-0.4999999999999999,-0.6550904198735997
10650,5,0.0,0.2846715328467153
10651,9,-0.3333333333333333,-0.3124035629120495
